MERRA_ID,STATE_CODE,SHRP_ID
118838,72,1003
118838,72,4121
118838,72,4122
118839,72,3008
120424,15,1008
121000,15,7080
122150,15,1003
122150,15,1006
127456,12,1060
128005,48,3729
128032,12,4103
128580,48,0113
128580,48,0114
128580,48,0115
128580,48,0116
128580,48,0117
128580,48,0118
128580,48,0119
128580,48,0120
128580,48,0121
128580,48,0122
128580,48,0123
128580,48,0124
128580,48,0160
128580,48,0161
128580,48,0162
128580,48,0163
128580,48,0164
128580,48,0165
128580,48,0166
128580,48,0167
128606,12,4099
128608,12,0101
128608,12,0102
128608,12,0103
128608,12,0104
128608,12,0105
128608,12,0106
128608,12,0107
128608,12,0108
128608,12,0109
128608,12,0110
128608,12,0111
128608,12,0112
128608,12,0161
128609,12,3995
129157,48,3739
129157,48,N310
129157,48,N320
129157,48,N330
129157,48,N340
129157,48,N350
129184,12,0502
129184,12,0503
129184,12,0504
129184,12,0505
129184,12,0506
129184,12,0507
129184,12,0508
129184,12,0509
129184,12,0561
129184,12,0562
129184,12,0563
129184,12,0564
129184,12,0565
129184,12,0566
129184,12,1030
129184,12,4106
129760,12,4107
130307,48,3749
130307,48,M310
130307,48,M320
130307,48,M330
130307,48,M340
130307,48,M350
130308,48,1174
130308,48,6086
130333,12,3804
130333,12,4057
130334,12,4135
130334,12,4136
130334,12,4137
130884,48,1181
130886,48,1060
130909,12,3996
130911,12,4101
130912,12,1370
131460,48,1093
131460,48,1122
131460,48,J310
131460,48,J320
131460,48,J330
131460,48,J340
131460,48,J350
131460,48,J351
131464,48,5026
131487,12,4000
131487,12,4059
131487,12,4109
131487,12,4138
131487,12,4154
131487,12,C310
131487,12,C320
131487,12,C321
131487,12,C330
131487,12,C350
132034,48,1092
132035,48,0901
132035,48,0902
132035,48,0903
132035,48,1094
132035,48,1096
132035,48,9005
132035,48,A310
132035,48,A320
132035,48,A330
132035,48,A340
132035,48,K310
132035,48,K320
132035,48,K330
132035,48,K340
132035,48,K350
132035,48,K351
132036,48,1130
132037,48,5154
132038,48,5024
132039,48,3629
132040,48,3699
132041,48,2108
132041,48,4146
132610,48,1123
132614,48,3855
132617,48,3010
132617,48,4152
132617,48,7165
132617,48,D410
132617,48,D420
132617,48,D430
132618,48,4143
132618,48,B410
132618,48,B420
132618,48,B430
132619,48,3719
132624,22,0702
132624,22,0703
132624,22,0704
132624,22,0705
132624,22,0706
132624,22,0707
132624,22,0708
132624,22,0709
132638,12,3997
132638,12,B310
132638,12,B320
132638,12,B321
132638,12,B330
132638,12,B350
132638,12,B351
132638,12,B352
132638,12,B360
133189,48,0001
133190,48,1178
133191,48,3835
133192,48,1050
133192,48,1109
133192,48,3559
133192,48,H310
133192,48,H320
133192,48,H330
133192,48,H340
133192,48,H350
133192,48,H351
133192,48,I310
133192,48,I320
133192,48,I330
133192,48,I340
133192,48,I350
133193,48,3689
133196,22,0113
133196,22,0114
133196,22,0115
133196,22,0116
133196,22,0117
133196,22,0118
133196,22,0119
133196,22,0120
133196,22,0121
133196,22,0122
133196,22,0123
133196,22,0124
133200,22,4001
133202,28,5805
133203,28,3093
133203,28,3094
133207,12,4100
133207,12,4108
133208,12,4096
133210,12,3811
133213,12,0901
133213,12,0902
133213,12,0903
133213,12,0959
133214,12,4105
133214,12,9054
133214,12,A310
133214,12,A320
133214,12,A321
133214,12,A330
133214,12,A350
133214,12,A351
133214,12,A352
133765,48,2133
133765,48,A807
133765,48,A808
133767,48,0801
133767,48,0802
133771,48,4142
133771,48,E410
133771,48,E420
133771,48,E430
133773,22,3056
133781,1,6019
133784,1,0502
133784,1,0503
133784,1,0504
133784,1,0505
133784,1,0506
133784,1,0507
133784,1,0508
133784,1,0509
133784,1,0563
133784,1,0564
133784,1,4155
133784,1,C310
133784,1,C320
133784,1,C330
133784,1,C340
133784,1,C350
133784,12,4097
133784,12,AA01
133784,12,AA02
133784,12,AA03
133784,12,AA61
133786,13,4093
133787,13,4092
133790,13,4112
133790,13,4113
133790,13,5023
134319,4,1015
134319,4,1016
134319,4,6060
134319,4,D310
134319,4,D320
134319,4,D330
134319,4,D350
134339,48,3865
134339,48,Q310
134339,48,Q320
134339,48,Q330
134339,48,Q340
134339,48,Q350
134339,48,Q353
134345,48,3669
134346,48,1049
134346,48,3679
134352,28,5025
134354,28,1802
134354,28,A310
134354,28,A320
134354,28,A330
134354,28,A350
134356,1,1019
134356,1,B310
134356,1,B320
134356,1,B330
134356,1,B340
134356,1,B350
134361,13,4096
134895,4,1017
134895,4,1018
134895,4,6054
134895,4,C310
134895,4,C320
134895,4,C330
134895,4,C340
134895,4,C350
134896,4,6053
134900,35,0501
134900,35,0502
134900,35,0503
134900,35,0504
134900,35,0505
134900,35,0506
134900,35,0507
134900,35,0508
134900,35,0509
134900,35,0801
134900,35,0802
134900,35,0901
134900,35,0902
134900,35,0903
134900,35,0959
134903,48,3769
134903,48,3779
134903,48,L310
134903,48,L320
134903,48,L330
134903,48,L340
134903,48,L350
134909,48,1048
134909,48,5278
134919,48,9167
134921,48,1113
134921,48,1119
134921,48,1169
134921,48,G310
134921,48,G320
134921,48,G330
134921,48,G350
134922,48,1116
134939,13,3020
134943,13,4420
135463,6,3021
135463,6,A410
135463,6,A411
135463,6,A412
135463,6,A420
135463,6,A421
135463,6,A422
135463,6,A423
135463,6,A430
135463,6,A441
135463,6,A442
135463,6,A443
135478,35,0101
135478,35,0102
135478,35,0103
135478,35,0104
135478,35,0105
135478,35,0106
135478,35,0107
135478,35,0108
135478,35,0109
135478,35,0110
135478,35,0111
135478,35,0112
135483,35,1112
135483,35,3010
135487,48,2172
135487,48,D310
135487,48,D320
135487,48,D330
135487,48,D350
135493,48,5274
135493,48,5301
135494,48,1039
135494,48,5317
135494,48,9355
135495,48,1069
135495,48,1070
135495,48,A502
135495,48,A503
135495,48,A504
135495,48,A505
135495,48,A506
135495,48,A507
135495,48,A508
135495,48,A509
135495,48,B310
135495,48,B320
135495,48,B330
135495,48,B340
135495,48,B350
135496,48,1087
135496,48,1168
135496,48,3579
135496,48,F310
135496,48,F320
135496,48,F330
135496,48,F340
135496,48,F350
135504,28,7012
135504,28,9030
135506,28,3099
135507,28,3091
135508,1,3998
135511,1,1021
135511,1,4125
135511,1,A310
135511,1,A320
135511,1,A330
135511,1,A340
135511,1,A350
135513,1,0101
135513,1,0102
135513,1,0103
135513,1,0104
135513,1,0105
135513,1,0106
135513,1,0107
135513,1,0108
135513,1,0109
135513,1,0110
135513,1,0111
135513,1,0112
135513,1,0161
135513,1,0162
135513,1,0163
135513,1,1001
135515,13,1005
135517,13,3011
135518,13,3015
136038,6,3010
136038,6,9048
136040,6,8534
136040,6,8535
136045,4,6055
136046,4,0501
136046,4,0502
136046,4,0503
136046,4,0504
136046,4,0505
136046,4,0506
136046,4,0507
136046,4,0508
136046,4,0509
136046,4,0559
136046,4,0560
136061,48,1076
136069,48,5287
136069,48,5310
136070,48,3003
136070,48,5035
136070,48,5283
136070,48,5284
136070,48,A410
136070,48,A420
136070,48,A430
136072,48,3569
136078,5,2042
136081,28,0501
136081,28,0502
136081,28,0503
136081,28,0504
136081,28,0505
136081,28,0506
136081,28,0507
136081,28,0508
136081,28,0509
136081,28,0560
136082,28,1016
136085,1,6012
136087,1,4129
136090,13,1004
136091,13,4118
136097,45,1011
136613,6,3013
136613,6,3019
136613,6,3024
136614,6,2004
136614,6,7493
136619,4,BA01
136619,4,BA02
136619,4,BA03
136619,4,BA59
136619,4,BA60
136619,4,BA61
136620,4,1003
136621,4,0213
136621,4,0214
136621,4,0215
136621,4,0216
136621,4,0217
136621,4,0218
136621,4,0219
136621,4,0220
136621,4,0221
136621,4,0222
136621,4,0223
136621,4,0224
136621,4,0260
136621,4,0261
136621,4,0262
136621,4,0263
136621,4,0264
136621,4,0265
136621,4,0266
136621,4,0267
136621,4,0268
136621,4,1001
136621,4,1006
136621,4,1007
136621,4,7079
136621,4,7614
136621,4,B901
136621,4,B902
136621,4,B903
136621,4,B959
136621,4,B960
136621,4,B961
136621,4,B964
136622,4,7613
136622,4,A410
136622,4,A430
136622,4,A441
136622,4,A442
136622,4,A443
136622,4,A444
136622,4,A445
136622,4,A446
136622,4,A447
136622,4,A448
136622,4,A449
136622,4,A450
136622,4,A451
136622,4,A452
136622,4,A453
136622,4,A454
136622,4,A455
136622,4,A456
136622,4,A457
136622,4,A458
136622,4,A459
136622,4,A460
136622,4,A461
136622,4,A462
136633,35,1002
136633,35,1003
136638,48,1111
136639,48,1183
136639,48,E310
136639,48,E320
136639,48,E330
136639,48,E340
136639,48,E350
136639,48,E351
136639,48,E352
136640,48,3609
136642,48,AA01
136642,48,AA02
136642,48,AA03
136644,48,5328
136646,48,3845
136648,48,1068
136655,28,4024
136655,28,A410
136655,28,A430
136657,28,3082
136662,1,3028
136662,1,4007
136662,1,4084
136664,1,5008
136665,13,3016
136668,13,3017
136669,13,3018
137188,6,3017
137189,6,8150
137194,4,1034
137206,35,6033
137214,48,2176
137218,48,3589
137218,48,C410
137218,48,C420
137218,48,C430
137222,40,4161
137230,5,0803
137230,5,0804
137230,5,0809
137230,5,0810
137230,5,4019
137230,5,B410
137230,5,B430
137235,28,1001
137235,28,3081
137238,1,4126
137239,1,0601
137239,1,0602
137239,1,0603
137239,1,0604
137239,1,0605
137239,1,0606
137239,1,0607
137239,1,0608
137239,1,0661
137239,1,0662
137239,1,0663
137241,13,0502
137241,13,0503
137241,13,0504
137241,13,0505
137241,13,0506
137241,13,0507
137241,13,0508
137241,13,0509
137241,13,0561
137241,13,0562
137241,13,0563
137241,13,0564
137241,13,0565
137241,13,0566
137241,13,4119
137242,13,0560
137243,13,1001
137243,13,4111
137247,45,1024
137247,45,5017
137249,45,5034
137249,45,5035
137768,6,8151
137788,48,6160
137788,48,6179
137792,48,1077
137794,40,4087
137794,40,A320
137794,40,A330
137794,40,A340
137794,40,A350
137795,40,0113
137795,40,0114
137795,40,0115
137795,40,0116
137795,40,0117
137795,40,0118
137795,40,0119
137795,40,0120
137795,40,0121
137795,40,0122
137795,40,0123
137795,40,0124
137795,40,0160
137795,40,0501
137795,40,0502
137795,40,0503
137795,40,0504
137795,40,0505
137795,40,0506
137795,40,0507
137795,40,0508
137795,40,0509
137795,40,0560
137795,40,4162
137805,5,0213
137805,5,0214
137805,5,0215
137805,5,0216
137805,5,0217
137805,5,0218
137805,5,0219
137805,5,0220
137805,5,0221
137805,5,0222
137805,5,0223
137805,5,0224
137805,5,5803
137805,5,5805
137805,5,A601
137805,5,A602
137805,5,A603
137805,5,A604
137805,5,A605
137805,5,A606
137805,5,A607
137805,5,A608
137807,5,3048
137809,28,0805
137809,28,0806
137809,28,0902
137809,28,0903
137809,28,0959
137809,28,3089
137809,28,3090
137810,28,2807
137810,28,3083
137810,28,3085
137810,28,3087
137810,28,5803
137811,28,5006
137818,13,3007
137819,13,1031
137819,13,3019
137820,13,7028
137822,45,1025
137823,45,3012
137827,37,1645
138336,6,8153
138337,6,8156
138342,6,0501
138342,6,0502
138342,6,0503
138342,6,0504
138342,6,0505
138342,6,0506
138342,6,0507
138342,6,0508
138342,6,0509
138342,6,0569
138342,6,0570
138342,6,0571
138343,6,0559
138343,6,0560
138343,6,0561
138343,6,0562
138343,6,0563
138343,6,0564
138343,6,0565
138343,6,0566
138343,6,0567
138343,6,0568
138345,6,8149
138346,4,1037
138346,6,7491
138347,4,1021
138347,4,1022
138347,4,B310
138347,4,B320
138347,4,B330
138347,4,B350
138348,4,1062
138348,4,1065
138349,4,1002
138350,4,0660
138351,4,0601
138351,4,0602
138351,4,0603
138351,4,0604
138351,4,0605
138351,4,0606
138351,4,0607
138351,4,0608
138351,4,0659
138351,4,0661
138351,4,0662
138351,4,0663
138351,4,0664
138351,4,0665
138351,4,0666
138351,4,0667
138351,4,0668
138351,4,0669
138353,4,AA01
138353,4,AA02
138353,4,AA03
138353,4,AA59
138353,4,AA60
138353,4,AA61
138357,35,6035
138357,35,6401
138361,35,AA01
138361,35,AA02
138361,35,AA03
138361,35,AA61
138361,35,AA62
138363,35,2118
138364,48,6079
138365,48,1065
138366,48,5336
138367,48,1046
138367,48,1047
138367,48,5323
138367,48,5335
138369,48,5334
138372,40,4086
138372,40,4154
138374,40,1015
138374,40,4160
138374,40,A410
138374,40,A420
138374,40,A430
138374,40,B310
138374,40,B320
138374,40,B330
138374,40,B350
138374,40,B360
138376,40,4166
138378,40,6010
138381,5,3073
138382,5,4021
138382,5,4023
138382,5,A410
138382,5,A430
138384,5,3074
138385,28,3097
138388,1,1011
138388,28,3018
138388,28,3019
138389,1,4127
138392,1,4073
138392,47,1029
138396,37,1814
138396,45,1008
138397,45,7019
138400,37,2825
138405,37,0801
138405,37,0802
138405,37,0859
138915,6,8201
138922,4,0113
138922,4,0114
138922,4,0115
138922,4,0116
138922,4,0117
138922,4,0118
138922,4,0119
138922,4,0120
138922,4,0121
138922,4,0122
138922,4,0123
138922,4,0124
138922,4,0160
138922,4,0161
138922,4,0162
138922,4,0163
138922,4,0902
138922,4,0903
138922,4,1036
138922,4,A310
138922,4,A320
138922,4,A330
138922,4,A350
138922,4,A390
138922,4,A901
138922,4,A902
138922,4,A903
138924,4,1024
138924,4,1025
138935,35,1005
138948,40,AA62
138948,40,AA63
138949,40,3018
138949,40,7024
138949,40,AA01
138949,40,AA02
138949,40,AA03
138949,40,AA61
138954,5,3059
138954,5,C410
138954,5,C430
138959,5,3011
138960,5,0113
138960,5,0114
138960,5,0115
138960,5,0116
138960,5,0117
138960,5,0118
138960,5,0119
138960,5,0120
138960,5,0121
138960,5,0122
138960,5,0123
138960,5,0124
138963,47,0601
138963,47,0602
138963,47,0603
138963,47,0604
138963,47,0605
138963,47,0606
138963,47,0607
138963,47,0608
138963,47,0661
138963,47,0662
138966,47,3109
138970,47,3110
138970,47,6015
138972,37,1024
138972,37,1803
138973,37,1801
138973,37,5037
138975,37,3008
138977,37,1352
138978,37,0901
138978,37,0902
138978,37,0903
138978,37,1992
138978,37,2824
138978,37,A960
138978,37,A961
138978,37,A962
138978,37,A963
138978,37,A964
138978,37,A965
139489,6,8202
139497,32,1030
139497,32,7084
139509,35,2006
139509,35,2007
139518,48,1061
139518,48,3875
139520,48,1056
139523,40,4163
139528,40,1017
139528,40,4157
139528,40,5021
139536,5,3058
139536,5,4046
139537,29,5403
139537,29,5413
139538,47,2001
139539,47,2008
139543,47,3101
139543,47,9024
139543,47,9025
139543,47,A310
139543,47,A320
139543,47,A330
139543,47,A350
139544,47,3075
139544,47,6022
139544,47,B310
139544,47,B320
139544,47,B330
139544,47,B350
139546,47,1023
139546,47,3108
139546,47,C310
139546,47,C311
139546,47,C320
139546,47,C330
139546,47,C350
139547,47,3104
139550,37,1040
139553,37,0201
139553,37,0202
139553,37,0203
139553,37,0204
139553,37,0205
139553,37,0206
139553,37,0207
139553,37,0208
139553,37,0209
139553,37,0210
139553,37,0211
139553,37,0212
139553,37,0259
139553,37,0260
139553,37,1817
139553,37,2819
139553,37,3807
139555,37,1006
139555,37,3044
139555,37,3816
139556,37,3011
140084,35,1022
140099,40,4164
140100,40,4165
140101,40,0601
140101,40,0602
140101,40,0603
140101,40,0604
140101,40,0605
140101,40,0606
140101,40,0607
140101,40,0608
140101,40,4088
140101,40,C310
140101,40,C320
140101,40,C330
140101,40,C350
140104,40,4155
140104,40,4158
140106,5,3071
140106,5,A310
140106,5,A320
140106,5,A350
140108,29,0501
140108,29,0502
140108,29,0503
140108,29,0504
140108,29,0505
140108,29,0506
140108,29,0507
140108,29,0508
140108,29,0509
140124,47,1028
140128,37,5826
140128,51,2021
140130,37,5827
140130,51,0113
140130,51,0114
140130,51,0115
140130,51,0116
140130,51,0117
140130,51,0118
140130,51,0119
140130,51,0120
140130,51,0121
140130,51,0122
140130,51,0123
140130,51,0124
140130,51,0159
140130,51,2004
140131,37,1802
140135,37,1028
140135,37,1030
140669,8,A410
140669,8,A411
140669,8,A412
140669,8,A413
140669,8,A414
140669,8,A415
140669,8,A430
140669,8,A431
140669,8,A441
140669,8,A442
140669,8,A443
140669,8,A444
140669,8,A445
140669,8,A446
140669,8,A451
140669,8,A452
140669,8,A455
140680,20,1006
140682,29,1008
140682,29,7054
140684,29,0801
140684,29,0802
140684,29,0807
140684,29,0808
140688,29,6067
140695,21,1034
140695,21,B310
140695,21,B320
140695,21,B330
140695,21,B340
140695,21,B350
140699,21,6043
140701,51,1423
140702,51,1419
140704,51,1002
140709,51,1023
140709,51,A310
140709,51,A320
140709,51,A321
140709,51,A330
140709,51,A340
140709,51,A350
140711,51,2564
140711,51,5008
141213,6,2053
141215,6,7455
141215,6,7456
141215,6,B410
141215,6,B411
141215,6,B412
141215,6,B413
141215,6,B420
141215,6,B421
141215,6,B423
141215,6,B430
141215,6,B441
141215,6,B442
141215,6,B443
141215,6,B451
141215,6,B452
141215,6,B453
141216,6,0201
141216,6,0202
141216,6,0203
141216,6,0204
141216,6,0205
141216,6,0206
141216,6,0207
141216,6,0208
141216,6,0209
141216,6,0210
141216,6,0211
141216,6,0212
141216,6,0811
141216,6,0812
141216,6,A805
141216,6,A806
141234,49,1001
141249,20,1010
141249,20,B310
141249,20,B320
141249,20,B330
141249,20,B340
141249,20,B350
141250,20,0101
141250,20,0102
141250,20,0103
141250,20,0104
141250,20,0105
141250,20,0106
141250,20,0107
141250,20,0108
141250,20,0109
141250,20,0110
141250,20,0111
141250,20,0112
141250,20,0159
141250,20,0160
141250,20,0161
141250,20,0162
141250,20,0163
141250,20,0164
141250,20,0901
141250,20,0902
141250,20,0903
141258,29,5503
141258,29,B410
141258,29,B411
141258,29,B430
141267,17,5908
141275,21,1010
141275,21,A310
141275,21,A320
141275,21,A330
141275,21,A340
141275,21,A350
141277,21,1014
141285,51,5009
141285,51,5010
141286,51,1464
141791,6,3042
141792,6,2647
141792,6,7454
141805,49,1004
141805,49,3010
141805,49,A310
141805,49,A320
141805,49,A330
141805,49,A332
141805,49,A350
141805,49,A351
141805,49,A352
141805,49,A361
141805,49,A390
141820,8,2008
141820,8,7781
141820,8,B310
141820,8,B320
141820,8,B330
141820,8,B350
141824,20,3015
141827,20,1009
141828,20,6026
141829,20,4067
141837,29,1005
141837,29,1010
141837,29,A310
141837,29,A320
141837,29,A330
141837,29,A340
141837,29,A350
141837,29,A351
141837,29,AA65
141837,29,AA66
141837,29,AA67
141840,29,0701
141840,29,0702
141840,29,0703
141840,29,0704
141840,29,0705
141840,29,0706
141840,29,0707
141840,29,0708
141840,29,0709
141840,29,0759
141840,29,0760
141840,29,A601
141840,29,A602
141840,29,A603
141840,29,A604
141840,29,A605
141840,29,A606
141840,29,A607
141840,29,A608
141844,18,3031
141844,18,A410
141844,18,A430
141845,18,1037
141845,18,4042
141845,18,5043
141845,18,6012
141846,18,1028
141846,18,A310
141846,18,A320
141846,18,A330
141846,18,A340
141846,18,A350
141848,21,3016
141848,21,A410
141848,21,A430
141850,21,4025
141850,21,6040
141854,54,4003
141855,54,4004
142365,6,2051
142367,6,9049
142371,32,1020
142381,49,1017
142381,49,B310
142381,49,B320
142381,49,B330
142381,49,B331
142381,49,B350
142381,49,B351
142381,49,B352
142381,49,B361
142381,49,B390
142388,8,1053
142388,8,A310
142388,8,A320
142388,8,A330
142388,8,A340
142388,8,A350
142394,8,6002
142409,20,1005
142409,20,A310
142409,20,A320
142409,20,A330
142409,20,A340
142409,20,A350
142413,29,1002
142413,29,AA01
142413,29,AA02
142413,29,AA03
142413,29,AA61
142413,29,AA62
142413,29,AA63
142413,29,AA64
142413,29,B310
142413,29,B320
142413,29,B330
142413,29,B340
142413,29,B350
142413,29,B351
142416,29,5047
142417,17,6050
142418,17,1003
142418,17,4082
142418,17,5020
142418,17,A310
142418,17,A320
142418,17,A330
142418,17,A340
142418,17,A350
142419,17,5453
142430,54,1640
142430,54,7008
142437,51,1417
142439,24,1632
142441,24,1634
142441,24,A310
142441,24,A311
142441,24,A320
142441,24,A330
142441,24,A331
142441,24,A340
142441,24,A350
142940,6,7452
142943,6,6044
142945,32,AA60
142945,32,AA61
142945,32,AA62
142958,49,1006
142958,49,1008
142958,49,7083
142958,49,C310
142958,49,C320
142958,49,C330
142958,49,C331
142958,49,C350
142958,49,C351
142958,49,C352
142958,49,C361
142963,8,1057
142969,8,7780
142981,20,7073
142982,20,0201
142982,20,0202
142982,20,0203
142982,20,0204
142982,20,0205
142982,20,0206
142982,20,0207
142982,20,0208
142982,20,0209
142982,20,0210
142982,20,0211
142982,20,0212
142982,20,0259
142982,20,4054
142982,20,A410
142982,20,A411
142982,20,A412
142982,20,A430
142984,20,4016
142984,20,9037
142984,20,B410
142984,20,B430
142985,20,3013
142985,20,3060
142985,20,4053
142985,20,4063
142986,29,4069
142986,29,5483
142988,29,0901
142988,29,0902
142988,29,0903
142988,29,0959
142988,29,0960
142988,29,0961
142988,29,0962
142988,29,0963
142988,29,0964
142989,29,5473
142992,29,5393
143003,39,3013
143014,11,1400
143014,24,5807
143016,10,0101
143016,10,0102
143016,10,0103
143016,10,0104
143016,10,0105
143016,10,0106
143016,10,0107
143016,10,0108
143016,10,0109
143016,10,0110
143016,10,0111
143016,10,0112
143016,10,0159
143016,10,0160
143016,10,0201
143016,10,0202
143016,10,0203
143016,10,0204
143016,10,0205
143016,10,0206
143016,10,0207
143016,10,0208
143016,10,0209
143016,10,0210
143016,10,0211
143016,10,0212
143016,10,0259
143016,10,0260
143016,10,1450
143016,10,4002
143016,10,5005
143017,10,1201
143520,6,9107
143521,32,1021
143521,32,A310
143521,32,A320
143521,32,A330
143521,32,A350
143521,32,A351
143521,32,A352
143521,32,AA01
143521,32,AA02
143521,32,AA03
143521,32,AA59
143534,49,3011
143536,49,1007
143540,8,7783
143541,8,3032
143545,8,7776
143546,8,7036
143548,8,0501
143548,8,0502
143548,8,0503
143548,8,0504
143548,8,0505
143548,8,0506
143548,8,0507
143548,8,0508
143548,8,0509
143548,8,0559
143548,8,0560
143561,20,4052
143562,29,4036
143567,29,A801
143567,29,A802
143567,29,A807
143567,29,A808
143575,18,5022
143579,39,9006
143582,39,5569
143584,54,5007
143589,24,0501
143589,24,0502
143589,24,0503
143589,24,0504
143589,24,0505
143589,24,0506
143589,24,0507
143589,24,0508
143589,24,0509
143589,24,0559
143589,24,0560
143589,24,0561
143589,24,0562
143589,24,0563
143589,24,0901
143589,24,0902
143589,24,0903
143589,24,0960
143589,24,0961
143589,24,0962
143589,24,2805
143591,24,2401
143592,10,5004
143593,34,1031
144094,6,1253
144094,6,A310
144094,6,A311
144094,6,A320
144094,6,A321
144094,6,A330
144094,6,A340
144094,6,A350
144094,6,A351
144094,6,A352
144094,6,A353
144094,6,A361
144094,6,A362
144094,6,A363
144115,8,1047
144121,8,0213
144121,8,0214
144121,8,0215
144121,8,0216
144121,8,0217
144121,8,0218
144121,8,0219
144121,8,0220
144121,8,0221
144121,8,0222
144121,8,0223
144121,8,0224
144121,8,0259
144121,8,0811
144121,8,0812
144121,8,7035
144121,8,9019
144133,31,0113
144133,31,0114
144133,31,0115
144133,31,0116
144133,31,0117
144133,31,0118
144133,31,0119
144133,31,0120
144133,31,0121
144133,31,0122
144133,31,0123
144133,31,0124
144133,31,0902
144133,31,0903
144133,31,0904
144134,20,7085
144138,29,5000
144138,29,5058
144138,29,5081
144138,29,5091
144138,29,A410
144138,29,A411
144138,29,A430
144139,29,0601
144139,29,0602
144139,29,0603
144139,29,0604
144139,29,0605
144139,29,0606
144139,29,0607
144139,29,0608
144139,29,0659
144139,29,0660
144139,29,0661
144139,29,0662
144139,29,0663
144139,29,0664
144139,29,0665
144139,29,0666
144139,29,7073
144148,17,0601
144148,17,0602
144148,17,0603
144148,17,0604
144148,17,0605
144148,17,0606
144148,17,0607
144148,17,0608
144148,17,0659
144148,17,0660
144148,17,0661
144148,17,0662
144148,17,0663
144148,17,0664
144151,18,2009
144151,18,4021
144152,18,3030
144152,18,A901
144152,18,A902
144152,18,A903
144152,18,A959
144152,18,A960
144152,18,A961
144155,39,4018
144155,39,A410
144155,39,A411
144155,39,A412
144155,39,A430
144156,39,4031
144156,39,9022
144160,39,3801
144160,39,B410
144160,39,B411
144160,39,B412
144160,39,B430
144163,42,1606
144163,42,1608
144163,42,1618
144163,42,C410
144163,42,C411
144163,42,C430
144166,42,1610
144168,42,1613
144168,42,1617
144169,34,1034
144169,34,1638
144169,34,4042
144169,42,5020
144170,34,0501
144170,34,0502
144170,34,0503
144170,34,0504
144170,34,0505
144170,34,0506
144170,34,0507
144170,34,0508
144170,34,0509
144170,34,0559
144170,34,0560
144170,34,0901
144170,34,0902
144170,34,0903
144170,34,0960
144170,34,0961
144170,34,0962
144170,34,1011
144666,6,2040
144667,6,2041
144678,32,0101
144678,32,0102
144678,32,0103
144678,32,0104
144678,32,0105
144678,32,0106
144678,32,0107
144678,32,0108
144678,32,0109
144678,32,0110
144678,32,0111
144678,32,0112
144678,32,0201
144678,32,0202
144678,32,0203
144678,32,0204
144678,32,0205
144678,32,0206
144678,32,0207
144678,32,0208
144678,32,0209
144678,32,0210
144678,32,0211
144678,32,0259
144686,49,7086
144686,49,D410
144686,49,D430
144686,49,D431
144686,49,D440
144686,49,D441
144686,49,D443
144686,49,D444
144686,49,D445
144686,49,D446
144686,49,D448
144686,49,D449
144686,49,D450
144686,49,D451
144686,49,D452
144686,49,D454
144686,49,D455
144686,49,D459
144686,49,D460
144686,49,D461
144686,49,D462
144687,49,0803
144687,49,0804
144687,49,7085
144687,49,E410
144687,49,E430
144687,49,E431
144687,49,E440
144687,49,E441
144687,49,E443
144687,49,E444
144687,49,E445
144687,49,E446
144687,49,E448
144687,49,E449
144687,49,E450
144687,49,E451
144687,49,E452
144687,49,E454
144687,49,E455
144687,49,E456
144687,49,E458
144687,49,E459
144687,49,E460
144687,49,E461
144687,49,E462
144692,8,1029
144697,8,9020
144700,8,6013
144705,31,1030
144705,31,A310
144705,31,A320
144705,31,A330
144705,31,A340
144705,31,A350
144705,31,A351
144705,31,A352
144705,31,A353
144706,31,6700
144707,31,3018
144710,31,3028
144710,31,A410
144710,31,A430
144719,19,0101
144719,19,0102
144719,19,0103
144719,19,0104
144719,19,0105
144719,19,0106
144719,19,0107
144719,19,0108
144719,19,0109
144719,19,0110
144719,19,0111
144719,19,0112
144719,19,0159
144722,17,5423
144723,17,5217
144723,17,9327
144724,17,5849
144725,18,3002
144726,18,0901
144726,18,0902
144726,18,0904
144726,18,0905
144726,18,5518
144728,18,9020
144732,39,0101
144732,39,0102
144732,39,0103
144732,39,0104
144732,39,0105
144732,39,0106
144732,39,0107
144732,39,0108
144732,39,0109
144732,39,0110
144732,39,0111
144732,39,0112
144732,39,0159
144732,39,0160
144732,39,0201
144732,39,0202
144732,39,0203
144732,39,0204
144732,39,0205
144732,39,0206
144732,39,0207
144732,39,0208
144732,39,0209
144732,39,0210
144732,39,0211
144732,39,0212
144732,39,0259
144732,39,0260
144732,39,0261
144732,39,0262
144732,39,0263
144732,39,0264
144732,39,0265
144732,39,0809
144732,39,0810
144732,39,0901
144732,39,0902
144732,39,0903
144732,39,A803
144732,39,A804
144739,42,7025
144742,42,1598
144744,42,3044
144744,42,9027
144745,34,1033
144745,34,6057
144746,34,0801
144746,34,0802
144746,34,0859
144746,34,0860
145245,6,3030
145257,32,3010
145257,32,A410
145257,32,A420
145257,32,A430
145257,32,A451
145257,32,A452
145257,32,A453
145257,32,A454
145257,32,A455
145257,32,A456
145257,32,A457
145257,32,A458
145257,32,A459
145257,32,A460
145257,32,A461
145257,32,A462
145257,32,A463
145257,32,A464
145258,32,2027
145258,32,3013
145258,32,7000
145258,32,B310
145258,32,B320
145258,32,B330
145258,32,B340
145258,32,B350
145258,32,C310
145258,32,C320
145258,32,C330
145258,32,C350
145262,49,1005
145262,49,3015
145276,31,6702
145284,31,3023
145284,31,3024
145284,31,6701
145284,31,B410
145284,31,B430
145286,31,7050
145287,31,7005
145297,17,7937
145298,17,5854
145298,17,5869
145303,18,0601
145303,18,0602
145303,18,0603
145303,18,0604
145303,18,0605
145303,18,0606
145303,18,0607
145303,18,0608
145303,18,0659
145303,18,0660
145303,18,0661
145303,18,0662
145303,18,0663
145303,18,0664
145303,18,0665
145303,18,0666
145303,18,0667
145303,18,0668
145303,18,0669
145303,18,0670
145303,18,0671
145303,18,0672
145305,18,2008
145312,39,5010
145312,42,1691
145315,42,7037
145316,42,0604
145316,42,0607
145316,42,0608
145316,42,0660
145316,42,0661
145316,42,0662
145316,42,1614
145316,42,1627
145317,42,0601
145317,42,0602
145317,42,0603
145317,42,0605
145317,42,0606
145317,42,0659
145318,42,1605
145318,42,1623
145318,42,1690
145318,42,A310
145318,42,A320
145318,42,A330
145318,42,A340
145318,42,A350
145318,42,A351
145318,42,A410
145318,42,A411
145318,42,A430
145322,34,1003
145322,34,1030
145821,6,0602
145821,6,0603
145821,6,0604
145821,6,0605
145821,6,0606
145821,6,0607
145821,6,0608
145821,6,0659
145821,6,0660
145821,6,0661
145821,6,0662
145821,6,0663
145821,6,0664
145821,6,2002
145821,6,3005
145842,56,3027
145845,56,2037
145849,56,2015
145863,31,5052
145863,31,7040
145867,19,0213
145867,19,0214
145867,19,0215
145867,19,0216
145867,19,0217
145867,19,0218
145867,19,0219
145867,19,0220
145867,19,0221
145867,19,0222
145867,19,0223
145867,19,0224
145867,19,0259
145870,19,3028
145871,19,3033
145871,19,6049
145872,17,5151
145872,17,9267
145872,19,9126
145878,18,5528
145878,18,5538
145879,18,3003
145883,39,7021
145886,39,5003
145891,42,1599
145901,9,0901
145901,9,0902
145901,9,0903
145901,9,0960
145901,9,0961
145901,9,0962
145901,9,4020
145902,9,1803
145904,25,1004
146395,6,2038
146414,49,7082
146414,49,C410
146414,49,C430
146414,49,C431
146414,49,C440
146414,49,C441
146414,49,C443
146414,49,C444
146414,49,C445
146414,49,C446
146414,49,C447
146414,49,C448
146414,49,C449
146414,49,C450
146414,49,C451
146414,49,C452
146414,49,C453
146414,49,C454
146414,49,C455
146414,49,C456
146414,49,C457
146414,49,C458
146418,56,7775
146418,56,B310
146418,56,B320
146418,56,B330
146418,56,B350
146418,56,B360
146437,31,3033
146443,19,0601
146443,19,0602
146443,19,0603
146443,19,0604
146443,19,0605
146443,19,0606
146443,19,0607
146443,19,0608
146443,19,0659
146446,19,3009
146446,19,B410
146446,19,B430
146448,19,3006
146451,17,5843
146459,26,0213
146459,26,0214
146459,26,0215
146459,26,0216
146459,26,0217
146459,26,0218
146459,26,0219
146459,26,0220
146459,26,0221
146459,26,0222
146459,26,0223
146459,26,0224
146459,26,0259
146459,26,9030
146460,26,5363
146469,42,1597
146469,42,B310
146469,42,B330
146469,42,B340
146469,42,B350
146469,42,B351
146477,9,4008
146477,9,5001
146477,25,1002
146478,44,7401
146479,25,1003
146972,41,7019
146985,16,1007
146986,16,1020
146986,16,A310
146986,16,A320
146986,16,A330
146986,16,A350
146988,16,1009
146988,16,3017
146989,16,5025
146991,16,6027
146992,56,6029
146999,56,7773
147014,31,7017
147015,31,4019
147015,31,C410
147015,31,C430
147017,19,6150
147017,19,A310
147017,19,A320
147017,19,A330
147017,19,A340
147017,19,A350
147019,19,0701
147019,19,0702
147019,19,0703
147019,19,0704
147019,19,0705
147019,19,0706
147019,19,0707
147019,19,0708
147019,19,0709
147019,19,0759
147019,19,3055
147019,19,5042
147019,19,5046
147019,19,A410
147019,19,A430
147022,19,1044
147026,17,1002
147026,17,4074
147026,17,B310
147026,17,B320
147026,17,B330
147026,17,B340
147026,17,B350
147027,55,3014
147045,36,4017
147049,36,4018
147571,56,6031
147574,56,2018
147589,46,7049
147590,46,6600
147590,46,A410
147590,46,A411
147590,46,A412
147590,46,A420
147590,46,A421
147590,46,A422
147590,46,A423
147590,46,A430
147601,55,6351
147601,55,6352
147601,55,6353
147601,55,6354
147601,55,6355
147604,55,A901
147604,55,A902
147604,55,A903
147604,55,A907
147604,55,A908
147604,55,A909
147604,55,B901
147604,55,B902
147604,55,B903
147604,55,B907
147604,55,B908
147604,55,B909
147608,26,0901
147608,26,0902
147608,26,0903
147609,26,9029
147610,26,0113
147610,26,0114
147610,26,0115
147610,26,0116
147610,26,0117
147610,26,0118
147610,26,0119
147610,26,0120
147610,26,0121
147610,26,0122
147610,26,0123
147610,26,0124
147610,26,0159
147611,26,1010
147611,26,7072
147611,26,D310
147611,26,D320
147611,26,D330
147611,26,D340
147611,26,D350
147611,26,D351
147613,26,4015
147614,87,2811
147615,87,2812
147623,36,1011
147624,36,1008
147631,33,1001
148124,41,7025
148142,16,1010
148142,16,1021
148142,16,B310
148142,16,B320
148142,16,B330
148142,16,B350
148142,16,C310
148142,16,C320
148142,16,C330
148142,16,C350
148144,56,6032
148148,56,7772
148152,56,2017
148166,46,5040
148168,27,6300
148172,19,9116
148173,27,1085
148178,55,3015
148180,55,3008
148184,26,1012
148184,26,1013
148184,26,A310
148184,26,A320
148184,26,A321
148184,26,A330
148184,26,A340
148184,26,A350
148184,26,B310
148184,26,B320
148184,26,B321
148184,26,B330
148184,26,B340
148184,26,B350
148187,26,0601
148187,26,0602
148187,26,0603
148187,26,0604
148187,26,0605
148187,26,0606
148187,26,0607
148187,26,0608
148187,26,0659
148196,36,0801
148196,36,0802
148196,36,0859
148203,36,1643
148203,36,A310
148203,36,A320
148203,36,A321
148203,36,A330
148203,36,A331
148203,36,A340
148203,36,A350
148700,41,5021
148700,41,5022
148710,16,3023
148728,56,2019
148731,46,3053
148734,46,5025
148739,46,9197
148746,27,4082
148751,27,4054
148752,55,0901
148752,55,0902
148752,55,0903
148752,55,0907
148752,55,0908
148752,55,0909
148754,55,3016
148756,55,3009
148757,55,3010
148757,55,5040
148761,26,1001
148761,26,3068
148761,26,3069
148761,26,C310
148761,26,C320
148761,26,C330
148761,26,C340
148761,26,C350
148761,26,C351
148770,87,1680
148770,87,1806
148770,87,AA01
148770,87,AA02
148770,87,AA03
148770,87,AA61
148770,87,AA62
148770,87,BA01
148770,87,BA02
148770,87,BA03
148770,87,BA61
148770,87,BA62
148777,36,B352
148777,36,B353
148777,36,B354
148780,50,1002
148785,23,1012
148785,23,3013
148785,23,3014
148785,23,7023
148786,23,1009
149276,41,5005
149276,41,6011
149276,41,7018
149287,16,1005
149299,56,1007
149299,56,A310
149299,56,A320
149299,56,A330
149299,56,A350
149299,56,A363
149307,46,3012
149307,46,3013
149307,46,5020
149317,46,3052
149322,27,3003
149323,27,0901
149323,27,0902
149323,27,0903
149323,27,0909
149323,27,0910
149323,27,7090
149338,26,6016
149346,87,1620
149346,87,A310
149346,87,A311
149346,87,A320
149346,87,A330
149346,87,A340
149346,87,A350
149353,36,1644
149353,36,B310
149353,36,B320
149353,36,B330
149353,36,B331
149353,36,B340
149353,36,B350
149353,36,B351
149356,50,1004
149356,50,1681
149356,50,1682
149356,50,1683
149360,23,1028
149361,23,1026
149877,30,7076
149877,56,2020
149886,46,9187
149894,46,3009
149897,27,9075
149900,27,1087
149900,27,3013
149900,27,4033
149900,27,4034
149900,27,4037
149900,27,5076
149901,55,3012
149906,55,0113
149906,55,0114
149906,55,0115
149906,55,0116
149906,55,0117
149906,55,0118
149906,55,0119
149906,55,0120
149906,55,0121
149906,55,0122
149906,55,0123
149906,55,0124
149906,55,0213
149906,55,0214
149906,55,0215
149906,55,0216
149906,55,0217
149906,55,0218
149906,55,0219
149906,55,0220
149906,55,0221
149906,55,0222
149906,55,0223
149906,55,0224
149906,55,0259
149906,55,0260
149906,55,0261
149906,55,0262
149906,55,0263
149906,55,0264
149906,55,0265
149906,55,0266
149906,55,0805
149906,55,0806
149906,55,C901
149906,55,C902
149906,55,C903
149906,55,C959
149906,55,C960
149922,87,1622
149922,87,B310
149922,87,B311
149922,87,B320
149922,87,B330
149922,87,B340
149922,87,B360
149922,87,B361
149922,87,B362
149939,23,0501
149939,23,0502
149939,23,0503
149939,23,0504
149939,23,0505
149939,23,0506
149939,23,0507
149939,23,0508
149939,23,0509
149939,23,0559
149939,23,1001
149947,86,6802
150428,41,2002
150429,53,1801
150429,53,3813
150429,53,C310
150429,53,C320
150429,53,C330
150429,53,C350
150431,41,6012
150432,41,AA01
150432,41,AA02
150432,41,AA03
150432,41,AA59
150432,41,AA60
150436,41,5006
150436,41,5008
150451,30,7075
150468,46,0601
150468,46,0602
150468,46,0603
150468,46,0604
150468,46,0605
150468,46,0606
150468,46,0607
150468,46,0608
150468,46,0660
150468,46,0661
150468,46,0662
150470,46,3010
150474,27,4055
150474,27,6064
150475,27,1003
150475,27,1004
150475,27,1017
150475,27,1019
150475,27,1020
150475,27,2018
150475,27,2023
150475,27,3005
150475,27,3007
150475,27,3009
150475,27,3010
150475,27,3012
150475,27,D310
150475,27,D320
150475,27,D330
150475,27,D340
150475,27,D350
150476,27,1029
150478,55,5037
150507,89,3002
150511,89,2011
151010,41,7081
151010,53,1007
151010,53,3019
151020,30,0805
151020,30,0806
151025,30,0502
151025,30,0503
151025,30,0504
151025,30,0505
151025,30,0506
151025,30,0507
151025,30,0508
151025,30,0509
151025,30,0560
151025,30,0561
151025,30,7066
151025,30,7088
151038,46,9106
151040,46,0803
151040,46,0804
151040,46,0859
151050,27,1018
151055,55,3019
151077,87,0901
151077,87,0902
151077,87,0903
151077,87,0960
151077,87,0961
151077,87,0962
151084,89,3001
151094,84,6804
151095,84,1684
151584,53,7409
151586,53,3014
151588,53,0801
151588,53,0802
151588,53,1002
151588,53,A809
151588,53,A810
151589,53,7322
151590,53,6056
151602,30,8129
151609,30,6004
151622,38,5002
151623,27,0702
151623,27,0703
151623,27,0704
151623,27,0705
151623,27,0706
151623,27,0707
151623,27,0708
151623,27,0709
151623,27,0759
151624,27,1028
151624,27,C310
151624,27,C320
151624,27,C330
151624,27,C340
151624,27,C350
151661,89,1021
151661,89,3015
151661,89,3016
151661,89,9018
151661,89,A310
151661,89,A320
151661,89,A330
151661,89,A340
151661,89,A350
151662,89,1125
151663,89,1127
151673,84,1802
151673,84,3803
151675,88,1645
151675,88,1646
151676,88,1647
152163,53,1005
152164,53,0201
152164,53,0202
152164,53,0203
152164,53,0204
152164,53,0205
152164,53,0206
152164,53,0207
152164,53,0208
152164,53,0209
152164,53,0210
152164,53,0211
152164,53,0212
152164,53,0259
152176,30,1001
152176,30,A310
152176,30,A320
152176,30,A330
152176,30,A350
152197,38,0215
152197,38,0216
152197,38,0260
152197,38,0261
152198,27,0701
152198,38,0213
152198,38,0214
152198,38,0217
152198,38,0218
152198,38,0219
152198,38,0220
152198,38,0221
152198,38,0222
152198,38,0223
152198,38,0224
152198,38,0259
152198,38,0262
152198,38,0263
152198,38,0264
152211,26,1004
152733,53,6049
152736,53,6020
152738,53,1501
152738,53,B310
152738,53,B320
152738,53,B330
152738,53,B350
152741,53,1008
152741,53,3013
152741,53,A310
152741,53,A320
152741,53,A330
152741,53,A350
152741,53,AA02
152741,53,BA59
152742,16,9032
152742,53,AA01
152742,53,AA03
152742,53,BA01
152742,53,BA60
152751,30,0113
152751,30,0114
152751,30,0115
152751,30,0116
152751,30,0117
152751,30,0118
152751,30,0119
152751,30,0120
152751,30,0121
152751,30,0122
152751,30,0123
152751,30,0124
152751,30,0901
152751,30,0902
152751,30,0903
152775,27,4050
152777,27,0501
152777,27,0502
152777,27,0503
152777,27,0504
152777,27,0505
152777,27,0506
152777,27,0507
152777,27,0508
152777,27,0509
152777,27,0559
152777,27,0560
152777,27,0561
152777,27,1016
152777,27,1023
152777,27,6251
152777,27,A310
152777,27,A320
152777,27,A330
152777,27,A340
152777,27,A350
152777,27,B310
152777,27,B320
152777,27,B330
152777,27,B340
152777,27,B350
152779,27,4040
152844,85,1801
153309,53,3812
153310,53,6048
153313,53,1006
153318,16,1001
153348,38,3005
153349,38,2001
153895,16,9034
153921,38,3006
153967,89,0901
153967,89,0902
153967,89,0903
153967,89,A901
153967,89,A902
153967,89,A903
153987,85,1808
153988,85,1803
154460,82,6006
154461,53,3011
154462,82,6007
155078,83,3802
155079,83,0501
155079,83,0502
155079,83,0503
155079,83,0504
155079,83,0505
155079,83,0506
155079,83,0507
155079,83,0508
155079,83,0509
155079,83,6450
155079,83,6451
155615,82,1005
155628,81,A901
155628,81,A902
155628,81,A903
155645,90,6420
155645,90,A310
155645,90,A320
155645,90,A330
155645,90,A340
155645,90,A350
155645,90,A351
155645,90,A352
155648,83,1801
155648,83,A310
155648,83,A320
155648,83,A330
155648,83,A331
155648,83,A340
155648,83,A350
155648,83,A351
155650,83,AA01
155650,83,AA02
155651,83,6454
155651,83,AA03
155651,83,AA61
155654,83,6452
156192,82,9017
156221,90,6400
156221,90,6801
156777,81,8529
156779,81,1805
157356,81,2812
157942,90,6410
157942,90,6412
157945,90,6405
157945,90,B310
157945,90,B320
157945,90,B330
157945,90,B331
157945,90,B340
157945,90,B350
157945,90,B351
158517,90,0901
158517,90,0902
158517,90,0903
158517,90,0959
158517,90,0960
158517,90,0961
158517,90,0962
159655,81,0501
159655,81,0502
159655,81,0503
159655,81,0504
159655,81,0505
159655,81,0506
159655,81,0507
159655,81,0508
159655,81,0509
159659,81,1804
159663,81,1803
167666,2,1001
168241,2,1004
168242,2,1002
168818,2,6010
169969,2,9035
172853,2,1008
